1732339141.79707193,2341,537541.79707193,-3.69417596,-0.10217588,-0.01371857,-0.00031103,-0.00309363,-0.83453193,0.55095081
1732339146.80143690,2341,537546.80143690,-3.25244737,0.83637768,-0.02430313,-0.00127080,0.00038301,-0.83237413,0.55421255
1732339150.60468531,2341,537550.60468531,-2.82261419,1.74847126,-0.03330072,-0.00065859,0.00153946,-0.83060887,0.55685376
1732339153.60713840,2341,537553.60713840,-2.45640397,2.49076247,-0.03396564,-0.01169050,-0.00274646,-0.88796588,0.45975253
1732339154.80815315,2341,537554.80815315,-2.27202082,2.76338696,-0.03157338,-0.00874597,-0.00634073,-0.93395596,0.35722482
1732339158.81156397,2341,537558.81156397,-1.42272663,3.32070804,-0.04789194,-0.00295341,-0.00924650,-0.92733252,0.37411252
1732339162.61479998,2341,537562.61479998,-0.69133449,4.02049112,-0.04592093,0.00707699,-0.00280799,-0.90728505,0.42044722
1732339165.01684546,2341,537565.01684546,-0.35039139,4.52447891,-0.03239501,0.00584073,-0.00620027,-0.85792269,0.51370819
1732339168.61993599,2341,537568.61993599,0.11655222,5.44442892,-0.04185684,0.00751494,-0.00759443,-0.83586318,0.54883385
1732339172.22299194,2341,537572.22299194,0.58174467,6.38902950,-0.02503349,0.00900166,-0.00981671,-0.87783959,0.47876952
1732339174.62503910,2341,537574.62503910,1.00955534,6.87810993,-0.01998960,0.00451976,-0.00362973,-0.92388599,0.38262393
1732339176.02629137,2341,537576.02629137,1.29354990,7.11153364,-0.01452486,0.00576666,-0.00307138,-0.95845578,0.28516633
1732339177.42742729,2341,537577.42742729,1.64123797,7.27512169,-0.01377750,0.00439640,-0.00344540,-0.98214528,0.18804107
1732339180.22982907,2341,537580.22982907,2.43598199,7.47734070,-0.00277066,-0.00133698,-0.00516156,-0.99624415,0.08642432
1732339181.43083477,2341,537581.43083477,2.76593828,7.49406719,0.00166890,0.00002196,0.00481971,0.99951797,0.03066926
1732339182.43168831,2341,537582.43168831,3.03233266,7.44505644,0.00523242,-0.00030351,0.00422651,0.98950351,0.14444667
1732339185.43433905,2341,537585.43433905,3.72753859,7.05725145,0.00681820,0.00062441,-0.00116638,0.97004602,0.24291761
1732339189.43766284,2341,537589.43766284,4.61308813,6.49405861,0.00818461,0.00225767,0.00078210,0.96087450,0.27697379
1732339191.23918724,2341,537591.23918724,4.96031427,6.18926048,0.00157743,0.00239242,0.00719056,0.92737766,0.37404980
1732339192.84056425,2341,537592.84056425,5.23555946,5.86910629,-0.00439846,0.01184395,0.00572004,0.88423713,0.46685297
1732339194.44192839,2341,537594.44192839,5.42087555,5.52402830,-0.00689242,0.00980601,0.00630040,0.83238964,0.55406826
1732339196.44363785,2341,537596.44363785,5.57982683,5.05694294,-0.00457396,0.00828160,0.00509367,0.76639845,0.64229190
1732339197.64467430,2341,537597.64467430,5.61416912,4.78841591,-0.01017024,0.00713469,0.00613042,0.68682369,0.72676319
1732339201.64818192,2341,537601.64818192,5.39442492,3.80368066,-0.01590632,0.01078268,0.00475206,0.60877418,0.79325604
1732339205.65149093,2341,537605.65149093,5.00648260,2.84980321,-0.01656266,0.00870042,0.00589453,0.57217236,0.82006607
1732339207.25284004,2341,537607.25284004,4.85373306,2.46252394,-0.01280568,0.00849036,0.00629569,0.65522759,0.75535759
1732339208.25370097,2341,537608.25370097,4.78919363,2.20158648,-0.01701364,0.00996310,0.00245499,0.73595830,0.67694910
1732339209.05437589,2341,537609.05437589,4.76998568,2.00500226,-0.01489984,0.00615481,-0.00029084,0.80802297,0.58911876
1732339210.45557976,2341,537610.45557976,4.94627571,1.70755541,-0.02150542,0.00964610,0.00070076,0.86480934,0.50200723
1732339214.25882864,2341,537614.25882864,5.42813492,0.83751869,-0.03747019,0.00693926,-0.00204047,0.91745171,0.39778140
1732339217.86189747,2341,537617.86189747,6.12982130,0.32630697,-0.03354503,0.00991112,0.00473673,0.87234733,0.48876321
1732339218.66258049,2341,537618.66258049,6.23697376,0.16980329,-0.04632162,0.00889712,0.00352379,0.81783615,0.57537158
1732339219.26308727,2341,537619.26308727,6.30217981,0.05712548,-0.04301258,0.00872947,0.00645020,0.75603085,0.65444598
1732339220.06378269,2341,537620.06378269,6.28619862,-0.16656788,0.00413278,0.00641937,0.00054853,0.66575996,0.74613817
1732339220.86445618,2341,537620.86445618,6.22554207,-0.38767400,-0.03229939,0.00921155,0.00107755,0.58175535,0.81331095
1732339223.06633258,2341,537623.06633258,5.94000196,-0.87378985,-0.03617184,0.00924854,0.00260300,0.49604786,0.86824202
1732339226.86957240,2341,537626.86957240,5.41724443,-1.77155888,-0.04164255,0.01467527,0.00468139,0.55810547,0.82962703
1732339230.07230330,2341,537630.07230330,5.01497364,-2.70562601,-0.04357634,0.00880754,0.00482211,0.57327578,0.81930095
1732339233.27504158,2341,537633.27504158,4.55300522,-3.62638664,-0.04392201,0.00241840,0.00207229,0.53227807,0.84656359
1732339236.27760363,2341,537636.27760363,4.09096050,-4.54397678,-0.04747840,0.00414057,-0.00044925,0.57241805,0.81995136
1732339239.28021240,2341,537639.28021240,3.71913338,-5.50032377,-0.04831253,0.00296992,0.00241095,0.59318999,0.80505342
1732339251.09023285,2341,537651.09023285,3.37241387,-6.49817514,-0.05164427,0.00875382,0.00625672,0.58507334,0.81090900
1732339253.89262366,2341,537653.89262366,2.98269749,-7.48610020,-0.06116605,0.00963144,0.00493522,0.57475927,0.81825098
1732339256.49484158,2341,537656.49484158,2.56944299,-8.41755581,-0.05634157,0.00841191,0.00775994,0.55185173,0.83386372
1732339258.89688921,2341,537658.89688921,2.10451555,-9.37383652,-0.08174836,0.01154485,0.00326125,0.54643257,0.83741718
1732339261.09876800,2341,537661.09876800,1.65480232,-10.30046940,-0.06667168,0.00933544,0.00743296,0.54698633,0.83705648
1732339262.49996138,2341,537662.49996138,1.36826050,-10.76433372,-0.08255414,0.01607234,0.00107780,0.45052962,0.89261614
1732339263.30065393,2341,537663.30065393,1.17249334,-11.01058006,-0.06388061,0.01614454,0.00485745,0.34438095,0.93867860
1732339264.70184994,2341,537664.70184994,0.77154094,-11.25809765,-0.06824680,0.01425842,0.00026025,0.23446320,0.97202039
1732339267.70449400,2341,537667.70449400,0.06663327,-11.54530811,-0.04117963,0.01448211,0.00188348,0.33120540,0.94344566
1732339268.70525336,2341,537668.70525336,-0.08182056,-11.65061951,-0.07665496,0.01041461,-0.00128391,0.43197060,0.90182664
1732339269.30576944,2341,537669.30576944,-0.11019026,-11.62865162,-0.03285924,0.00606977,-0.00343178,0.52077704,0.85366425
1732339270.30662155,2341,537670.30662155,-0.15862715,-11.79909039,-0.06491851,0.01061377,0.00550787,0.60909625,0.79300616
1732339270.90714550,2341,537670.90714550,-0.19103396,-11.92477608,-0.05556881,0.01350123,0.00375823,0.68618333,0.72729363
1732339271.90799046,2341,537671.90799046,-0.16669746,-12.09973526,-0.05657427,0.01167042,0.00648314,0.77447232,0.63246692
1732339272.70874977,2341,537672.70874977,-0.10713415,-12.24206257,-0.05367589,0.01199635,0.00927195,0.84376958,0.53649139
1732339273.90970707,2341,537673.90970707,0.05021371,-12.50496101,-0.06700420,0.01488865,0.00521413,0.89797396,0.43976574
1732339277.71303320,2341,537677.71303320,0.70437652,-13.27893448,-0.08649120,0.00536252,-0.00058358,0.92412038,0.38206339
1732339280.91566944,2341,537680.91566944,1.38651681,-14.02400780,-0.09328318,0.00246863,-0.00178955,0.92552821,0.37866640
1732339283.91823816,2341,537683.91823816,2.10332298,-14.75965214,-0.11077224,0.00436681,0.00133020,0.93557148,0.35310787
1732339286.32026625,2341,537686.32026625,2.74830294,-15.24401283,-0.12270286,0.00481778,0.00226280,0.96714952,0.25415247
1732339288.72234535,2341,537688.72234535,3.47853208,-15.57268143,-0.12802050,0.00813511,0.00883360,0.98790696,0.15458207
1732339291.32464218,2341,537691.32464218,4.45720768,-15.88719749,-0.13635506,0.00634530,0.00472808,0.99296773,0.11812059
1732339294.32713079,2341,537694.32713079,5.45408201,-16.06541252,-0.14722234,0.00233291,0.00776679,0.99912824,0.04095120
1732339297.52985239,2341,537697.52985239,6.50121546,-16.16675186,-0.15504287,-0.00282064,0.00084528,0.99999441,0.00158447
1732339300.33224607,2341,537700.33224607,7.56833267,-16.20698357,-0.15651278,0.00011040,-0.00086998,-0.99998154,0.00601274
1732339302.93447232,2341,537702.93447232,8.61230755,-16.22666931,-0.15971528,0.00349379,-0.00023653,-0.99989019,0.01439969
1732339304.93623638,2341,537704.93623638,9.07703876,-16.22193146,-0.14836927,0.00082410,-0.00817305,-0.99294486,0.11829212
1732339305.93702650,2341,537705.93702650,9.22956657,-16.18804550,-0.15180251,0.00268977,-0.00693678,-0.97303234,0.23054870
1732339306.73770738,2341,537706.73770738,9.40613937,-16.13054657,-0.14065279,0.00470886,-0.00790294,-0.93843169,0.34534233
1732339307.33827996,2341,537707.33827996,9.50777721,-16.05507469,-0.14513282,0.00920049,-0.00776880,-0.89826790,0.43928326
1732339307.93879604,2341,537707.93879604,9.60783005,-15.90089607,-0.14502214,0.01033898,-0.01029715,-0.84084685,0.54107637
1732339308.53924847,2341,537708.53924847,9.71188736,-15.70190907,-0.13454734,0.00186707,-0.00866410,-0.77474760,0.63220851
1732339309.74027348,2341,537709.74027348,9.82404613,-15.32418156,-0.14204536,-0.00321135,-0.00477662,-0.70328033,0.71088934
1732339312.74283481,2341,537712.74283481,9.79023266,-14.73427105,-0.14825515,-0.00870126,-0.00405765,-0.62017139,0.78440759
1732339313.94390726,2341,537713.94390726,9.73080635,-14.53852749,-0.14638281,-0.00750350,-0.00082883,-0.53483609,0.84492211
1732339315.14487386,2341,537715.14487386,9.58551407,-14.22894192,-0.15570304,-0.00985772,-0.00044933,-0.44046524,0.89771543
1732339316.54608345,2341,537716.54608345,9.31725311,-13.91071320,-0.15935397,-0.01048364,0.00255225,-0.33593397,0.94182374
1732339317.94728470,2341,537717.94728470,8.97601318,-13.66120529,-0.14974202,-0.00584995,0.00412928,-0.22919635,0.97335387
1732339321.15000606,2341,537721.15000606,8.00501919,-13.23119068,-0.14544751,0.00125808,0.00524122,-0.16123450,0.98690140
1732339324.15256429,2341,537724.15256429,7.02872372,-12.88696289,-0.13249476,-0.00371843,0.01122625,-0.14531223,0.98931517
1732339326.95496511,2341,537726.95496511,6.08120823,-12.47872066,-0.10276973,0.00086898,0.00942231,-0.23439573,0.97209522
1732339329.75749421,2341,537729.75749421,5.20720291,-11.98132992,-0.09064953,0.00319791,-0.00183787,-0.23611120,0.97171904
1732339332.55975628,2341,537732.55975628,4.26941967,-11.53889465,-0.08902390,0.00211118,0.00247818,-0.16397362,0.98645935
1732339335.36223936,2341,537735.36223936,3.32149100,-11.20640659,-0.09111796,0.00331340,0.00381394,-0.16829426,0.98572385
1732339338.16454077,2341,537738.16454077,2.37638545,-10.76076221,-0.07413645,0.00200497,0.00381162,-0.20334197,0.97909831
1732339339.96607256,2341,537739.96607256,1.80543184,-10.47286510,-0.05998228,0.01329142,0.00590273,-0.09245014,0.99561110
1732339340.76676178,2341,537740.76676178,1.50130546,-10.38878727,-0.04543005,0.00821573,0.00557150,0.03720903,0.99925820
1732339341.36736202,2341,537741.36736202,1.24246943,-10.37890530,-0.04574149,0.00801779,0.00252878,0.13875536,0.99029100
1732339342.76849413,2341,537742.76849413,0.78628802,-10.66200638,-0.04937023,0.01355073,-0.00017019,0.23894853,0.97093766
1732339345.37068534,2341,537745.37068534,-0.06190445,-11.04496193,-0.04792901,0.00811100,0.00177594,0.36603167,0.93056535
1732339345.97120237,2341,537745.97120237,-0.21994822,-11.21021461,-0.05356748,0.01027344,0.00584214,0.46950539,0.88285051
1732339346.57171011,2341,537746.57171011,-0.32865211,-11.41937256,-0.03472290,0.01556784,0.00576740,0.57163504,0.82034003
1732339347.17221260,2341,537747.17221260,-0.38562700,-11.65310001,-0.03960378,0.01131092,0.00190158,0.66604213,0.74582593
1732339347.77272367,2341,537747.77272367,-0.40664303,-11.88066387,-0.06555744,0.01298405,0.00514466,0.74242477,0.66978385
1732339348.57350755,2341,537748.57350755,-0.36020577,-12.20038795,-0.06353249,0.00867284,0.00305334,0.81816795,0.57490579
1732339350.17477560,2341,537750.17477560,-0.05914121,-12.78669262,-0.06973252,0.01397150,0.00330778,0.87314057,0.48725701
1732339352.77700329,2341,537752.77700329,0.47634780,-13.66622829,-0.08710366,0.00942560,0.00427587,0.89091799,0.45404627
1732339353.97803450,2341,537753.97803450,0.79347742,-14.04634953,-0.09683612,0.00926196,0.00242823,0.93464381,0.35545642
1732339356.38008451,2341,537756.38008451,1.60624862,-14.67881870,-0.10919275,0.00866677,0.00402659,0.96295487,0.26949320
1732339359.18247795,2341,537759.18247795,2.48997521,-15.25457478,-0.12174368,0.00435889,0.00254958,0.96653223,0.25649553
1732339367.38947487,2341,537767.38947487,3.34863091,-15.77465534,-0.12631804,0.00569775,0.00390570,0.96880191,0.24774006
1732339370.39204073,2341,537770.39204073,3.91196036,-16.00688171,-0.12968451,0.01095394,0.01497004,0.98951472,0.14323595
1732339372.99435806,2341,537772.99435806,4.92544270,-16.25764656,-0.13868620,0.00654891,0.00883460,0.99883600,0.04696505
1732339375.59648943,2341,537775.59648943,5.98433828,-16.35773277,-0.14830063,0.00321113,0.00937836,0.99994654,0.00294157
1732339377.99854016,2341,537777.99854016,6.99211884,-16.39493752,-0.15744807,-0.00194717,-0.00319382,-0.99994039,0.01025763
1732339380.00023174,2341,537780.00023174,7.80170584,-16.31931496,-0.15654476,0.00131346,-0.00395514,-0.99357120,0.11313222
1732339382.60255384,2341,537782.60255384,8.80874920,-16.08699226,-0.15689524,0.00101995,0.00253789,-0.98587889,0.16743757
1732339383.80349565,2341,537783.80349565,9.17982101,-15.89381886,-0.14601915,0.00033188,-0.00308805,-0.96028431,0.27900608
1732339384.60417247,2341,537784.60417247,9.38579273,-15.71532536,-0.13905850,0.00729888,-0.00888479,-0.91870468,0.39477778
1732339385.40485287,2341,537785.40485287,9.56682873,-15.50520802,-0.15426275,0.00275602,-0.01089637,-0.86776129,0.49685413
1732339386.40571690,2341,537786.40571690,9.73113537,-15.24846554,-0.14144881,-0.00353832,-0.00679664,-0.79911364,0.60113117
1732339387.00623989,2341,537787.00623989,9.77560997,-15.13418388,-0.17714673,-0.00351094,-0.00258631,-0.72941056,0.68406229
1732339387.80691671,2341,537787.80691671,9.77824879,-14.89905262,-0.15938354,-0.00557117,-0.00159297,-0.64245272,0.76630342
1732339388.60759687,2341,537788.60759687,9.73544502,-14.65466595,-0.15471558,-0.00520267,-0.00098177,-0.55425877,0.83232757
1732339389.40834570,2341,537789.40834570,9.64906502,-14.42560196,-0.13362917,-0.00882203,0.00171474,-0.45849601,0.88865102
1732339390.20895505,2341,537790.20895505,9.51623249,-14.23193073,-0.15384379,-0.00877173,0.00279988,-0.36351282,0.93154369
1732339392.21067905,2341,537792.21067905,9.02218342,-13.84767818,-0.15889801,-0.00923766,0.00162207,-0.26220878,0.96496559
1732339395.21324301,2341,537795.21324301,8.13464069,-13.33808422,-0.14103533,-0.00370190,0.00621210,-0.22302761,0.97478531
1732339398.21580315,2341,537798.21580315,7.16485834,-12.95498085,-0.13164611,-0.00164172,0.00743051,-0.14402913,0.98954419
1732339401.01819229,2341,537801.01819229,6.20797300,-12.62278271,-0.11507517,-0.00443416,0.00910049,-0.15343294,0.98810721
